{
  "device_info": {
    "cuda_available": false,
    "cuda_device_count": 0,
    "current_device": "cpu"
  },
  "timestamp": 1749862601.589233,
  "initialization": {
    "monitor_creation": 0.05865120887756348,
    "monitor_initialization": 1.1342520713806152,
    "core_creation": 0.0007939338684082031,
    "core_initialization": 1.1097760200500488,
    "integration_creation": 0.0008540153503417969,
    "integration_initialization": 1.1121160984039307
  },
  "inference": {
    "total_times": [
      0.037664175033569336,
      0.033553123474121094,
      0.036376953125,
      0.04339718818664551,
      0.04461312294006348,
      0.0353541374206543,
      0.03635597229003906,
      0.03601813316345215,
      0.04245495796203613,
      0.044384002685546875,
      0.03661513328552246,
      0.034336090087890625,
      0.036260128021240234,
      0.04151105880737305,
      0.0422060489654541,
      0.03422999382019043,
      0.03530097007751465,
      0.03719615936279297,
      0.04119706153869629,
      0.04322528839111328,
      0.03525400161743164,
      0.034834861755371094,
      0.03577089309692383,
      0.04253792762756348,
      0.04346585273742676,
      0.034424781799316406,
      0.03393292427062988,
      0.03579092025756836,
      0.0423731803894043,
      0.044387102127075195,
      0.03523516654968262,
      0.033737897872924805,
      0.0365750789642334,
      0.04157614707946777,
      0.04396486282348633,
      0.03600287437438965,
      0.03396916389465332,
      0.03793191909790039,
      0.0433049201965332,
      0.04268598556518555,
      0.0352780818939209,
      0.03391289710998535,
      0.035470008850097656,
      0.04279279708862305,
      0.044161081314086914,
      0.03425478935241699,
      0.03457522392272949,
      0.03665900230407715,
      0.041239023208618164,
      0.04331803321838379
    ],
    "predict_progress_times": [],
    "tpv_core_times": [],
    "synthetic_states_times": [],
    "text_analysis_times": [],
    "total_times_stats": {
      "mean": 0.03843334197998047,
      "min": 0.033553123474121094,
      "max": 0.04461312294006348,
      "total": 1.9216670989990234
    }
  },
  "device_performance": {
    "cpu": {
      "mean_time": 0.038594818115234374,
      "device": "cpu",
      "tensor_device": "cpu"
    },
    "gpu": {
      "available": false
    }
  },
  "memory": {
    "baseline_memory_mb": 2727.69024,
    "peak_memory_mb": 2727.739392,
    "memory_growth_mb": 0.049152000000049156,
    "post_init_memory_mb": 2727.706624,
    "init_memory_growth_mb": 0.016384000000016385
  }
}